,1990,1991,1992,1993,1994,1995,1996,1997,1998,1999,2000,2001,2002,2003,2004,2005,2006,2007,2008,2009,2010,2011
1526,1840.834,1928.842,1723.49,1771.161,1763.827,1785.829,1811.498,1851.835,1668.485,1686.82,2233.203,2236.87,2255.205,2255.205,2258.872,2273.54,2273.54,2357.881,2288.208,..,..,..
1527,..,..,..,..,..,407.037,425.372,458.375,484.044,513.38,524.381,524.381,531.715,535.382,564.718,575.719,546.383,539.049,539.049,..,..,..
1528,2676.91,2493.56,1426.463,1375.125,1320.12,1268.782,1199.109,1114.768,1056.096,832.409,781.071,645.392,359.366,583.053,704.064,700.397,696.73,715.065,814.074,..,..,..
1529,4429.736,4367.397,4418.735,5801.194,3890.687,11012.001,10491.287,7381.671,7308.331,9156.499,9541.534,9732.218,12665.818,9064.824,18793.375,19156.408,22266.024,25151.953,24370.882,..,..,..
1530,7488.014,3971.361,2387.217,2343.213,1928.842,2086.523,2016.85,1543.807,1752.826,2992.272,3028.942,3230.627,3751.341,4290.39,4004.364,4602.085,4231.718,4481.074,4176.713,..,..,..
1531,52009.061,57010.849,58136.618,65980.331,73130.981,70641.088,41059.399,41646.119,81495.408,78374.791,112562.232,101333.878,84300.663,106365.002,112877.594,115627.844,122752.825,137981.876,155066.429,..,..,..
1532,112613.57,117021.304,121447.373,118609.115,123350.546,122547.473,129217.746,134677.909,137673.848,145488.225,141076.824,140471.769,131406.945,142349.273,155000.423,158924.113,175528.289,183727.701,192378.154,..,..,..
1533,..,..,3681.668,2929.933,2966.603,3490.984,2607.237,3278.298,3406.643,3058.278,3465.315,3542.322,3003.273,3428.645,3644.998,4349.062,4378.398,5056.793,5548.171,..,..,..
1534,..,..,..,..,..,..,..,..,..,..,..,..,..,..,..,..,..,..,..,..,..,..
1535,300.694,293.36,293.36,308.028,311.695,322.696,322.696,337.364,333.697,348.365,344.698,344.698,363.033,388.702,407.037,410.704,425.372,436.373,447.374,..,..,..
1536,287331.452,281530.258,294456.433,302116.796,303957.63,307433.946,329259.93,333623.66,346912.868,325523.257,329604.628,324859.53,341397.7,346476.495,349223.078,367393.063,377381.971,380814.283,399218.956,..,..,..
1537,60960.208,65888.656,60531.169,58213.625,57586.568,60622.844,61055.55,61359.911,63549.11,61755.947,61788.95,63637.118,65118.586,72316.907,72118.889,74385.095,72126.223,68807.588,67725.823,..,..,..
1538,..,..,44172.682,43285.268,42383.186,33586.053,31565.536,29966.724,31594.872,29299.33,30546.11,29438.676,30007.061,31162.166,32262.266,34491.802,39317.574,42236.506,47139.285,..,..,..
1539,304.361,344.698,319.029,337.364,341.031,333.697,330.03,315.362,300.694,293.36,300.694,216.353,220.02,165.015,161.348,165.015,198.018,183.35,179.683,..,..,..
1540,108469.86,117578.688,114373.73,108924.568,113306.633,112976.603,119624.874,116295.238,119184.834,115844.197,115712.185,114766.099,107531.108,114835.772,111282.449,107116.737,106816.043,102529.32,104879.867,..,..,..
1541,715.065,828.742,905.749,1133.103,1265.115,1327.454,1265.115,1217.444,1213.777,1562.142,1617.147,1738.158,2053.52,2321.211,2398.218,2566.9,3729.339,3879.686,4066.703,..,..,..
1542,586.72,627.057,630.724,627.057,645.392,627.057,707.731,806.74,861.745,931.418,1041.428,997.424,1004.758,1078.098,1103.767,1125.769,1360.457,1646.483,1855.502,..,..,..
1543,15533.412,15940.449,17748.28,17407.249,18969.391,22816.074,24029.851,25063.945,24040.852,25232.627,27865.533,32449.283,33699.73,33824.408,39735.612,37652.756,46644.24,46930.266,46526.896,..,..,..
1544,77729.399,59706.094,53600.539,69328.302,55848.41,59805.103,56691.82,53681.213,50993.302,43981.998,43530.957,46453.556,44634.724,47307.967,46787.253,47909.355,48943.449,52812.134,50538.594,..,..,..
1545,11884.747,11503.379,10590.296,15141.043,15254.72,16021.123,15621.42,17319.241,18404.673,18019.638,18643.028,13927.266,15698.427,16468.497,17275.237,18595.357,20186.835,21481.286,22478.71,..,..,..
1546,1950.844,1782.162,1793.163,1716.156,1719.823,1730.824,1730.824,1741.825,1793.163,1796.83,1796.83,1796.83,2082.856,1870.17,2009.516,2108.525,2137.861,2148.862,2156.196,..,..,..
1547,..,..,3938.358,3270.964,3630.33,3542.322,5368.488,12500.803,16226.475,18771.373,23252.447,20722.217,22944.419,23263.448,24634.906,25632.33,27469.497,28987.635,31275.843,..,..,..
1548,..,..,87487.286,74451.101,65914.325,62118.98,60157.135,59519.077,57597.569,55819.074,53468.527,52595.781,52390.429,53721.55,58220.959,59042.367,61807.285,60256.144,62815.71,..,..,..
1549,311.695,359.366,355.699,377.701,374.034,377.701,308.028,388.702,370.367,601.388,689.396,711.398,359.366,374.034,381.368,396.036,407.037,425.372,425.372,..,..,..
1550,597.721,509.713,407.037,480.377,473.043,465.709,476.71,476.71,462.042,495.045,495.045,495.045,524.381,509.713,671.061,443.707,520.714,517.047,388.702,..,..,..
1551,5504.167,5779.192,6648.271,8038.064,8907.143,9424.19,8734.794,9842.228,10326.272,9768.888,9519.532,8830.136,8346.092,11521.714,10626.966,10293.269,10465.618,13054.52,12834.5,..,..,..
1552,208886.988,219330.604,220705.729,230738.641,242154.012,275564.049,301244.05,321199.864,314012.544,322068.943,330125.342,339894.23,335185.802,324753.187,341166.679,349967.479,352541.713,368368.485,393219.744,..,..,..
1553,1074.431,1206.443,979.089,1114.768,748.068,828.742,850.744,902.082,1140.437,1210.11,1188.108,1221.111,1228.445,1268.782,1294.451,1353.123,1371.458,1349.456,1353.123,..,..,..
1554,6420.917,5815.862,5808.528,5588.508,5408.825,5515.168,5595.842,5812.195,5984.544,4598.418,6527.26,6197.23,5320.817,5357.487,5361.154,5126.466,4822.105,9559.869,10593.963,..,..,..
1555,128.345,187.017,216.353,187.017,212.686,249.356,304.361,396.036,385.035,385.035,399.703,414.371,513.38,465.709,469.376,682.062,421.705,579.386,733.4,..,..,..
1556,2178.198,2148.862,3296.633,3509.319,3509.319,3523.987,3138.952,3212.292,3832.015,3545.989,4275.722,4334.394,4484.741,4264.721,4378.398,4525.078,4459.072,4638.755,4840.44,..,..,..
1557,198.018,205.352,216.353,223.687,234.688,234.688,234.688,245.689,249.356,264.024,267.691,245.689,245.689,234.688,234.688,234.688,249.356,253.023,260.357,..,..,..
1558,450076.579,449053.486,467648.843,477920.11,454491.647,459790.462,467883.531,483233.593,478880.864,477868.772,537402.517,527131.25,521832.435,553478.645,555865.862,562796.492,548704.211,544171.799,544091.125,..,..,..
1559,42966.239,42350.183,43325.605,41022.729,41470.103,39387.247,40025.305,41580.113,41913.81,40700.033,39093.887,42999.242,40769.706,40241.658,40443.343,41374.761,41877.14,38019.456,40392.005,..,..,..
1560,..,..,..,..,..,..,..,..,..,..,..,..,..,..,..,..,..,..,..,..,..,..
1561,34902.506,32991.999,34117.768,36288.632,40146.316,43611.631,49526.502,57054.853,58987.362,62225.323,60094.796,54018.577,56072.097,56409.461,62434.342,63805.8,65697.972,70098.372,73108.979,..,..,..
1562,2460744.017,2584538.27,2695982.067,2878694.009,3058241.33,3320285.15,3463089.131,3469510.048,3324344.519,3318055.614,3405179.867,3487566.356,3694242.143,4525177.009,5288166.032,5790016.984,6414463.08,6791804.714,7031916.207,..,..,..
1563,5797.527,5636.179,4624.087,5892.869,5251.144,7132.315,8379.095,8173.743,6912.295,6266.903,6791.284,7726.369,7286.329,5460.163,7664.03,7825.378,7139.649,6384.247,7014.971,..,..,..
1564,1738.158,1111.101,3795.345,3898.021,3817.347,4363.73,4602.085,3215.959,3208.625,3080.28,3432.312,3421.311,3417.644,3795.345,3956.693,3696.336,4264.721,6167.894,5302.482,..,..,..
1565,1188.108,1265.115,1573.143,1543.807,2148.862,1565.809,1716.156,2343.213,777.404,821.408,1048.762,861.745,707.731,1085.432,1903.173,1606.146,1463.133,1591.478,1936.176,..,..,..
1566,22.002,22.002,22.002,22.002,22.002,22.002,22.002,22.002,22.002,29.336,29.336,33.003,29.336,33.003,55.005,62.339,66.006,66.006,69.673,..,..,..
1567,57337.212,57120.859,62049.307,64022.153,67571.809,59610.752,60523.835,64905.9,65976.664,56512.137,57923.932,56273.782,55661.393,57421.553,53772.888,59178.046,61561.596,63439.1,67700.154,..,..,..
1568,77.007,77.007,77.007,77.007,77.007,80.674,66.006,66.006,73.34,80.674,84.341,88.008,91.675,99.009,102.676,110.01,121.011,121.011,124.678,..,..,..
1569,88.008,91.675,102.676,102.676,110.01,113.677,139.346,143.013,154.014,172.349,187.017,209.019,245.689,253.023,264.024,293.36,308.028,311.695,308.028,..,..,..
1570,2955.602,3336.97,3791.678,3953.026,5269.479,4866.109,4748.765,4987.12,5317.15,5522.502,5474.831,5760.857,6325.575,6626.269,6930.63,6941.631,7436.676,8118.738,8016.062,..,..,..
1571,33340.364,29633.027,31338.182,29347.001,32199.927,25657.999,26959.784,24605.57,24444.222,25276.631,26039.367,25452.647,26090.705,25485.65,23985.847,24634.906,27168.803,26838.773,31418.856,..,..,..
1572,..,..,..,..,..,..,..,..,..,..,..,..,..,..,..,..,..,..,..,..,..,..
1573,253.023,275.025,278.692,289.693,289.693,289.693,286.026,286.026,286.026,282.359,454.708,454.708,469.376,480.377,495.045,517.047,535.382,539.049,557.384,..,..,..
1574,4653.423,4741.431,5276.813,5665.515,5812.195,5716.853,5936.873,6109.222,6640.937,6754.614,6849.956,6846.289,7022.305,7748.371,7334,7502.682,7788.708,8195.745,8555.111,..,..,..
1575,..,..,139503.681,131964.329,127688.607,129470.769,132558.383,130090.492,125525.077,111931.508,124648.664,124406.642,120193.259,122378.791,122708.821,120735.975,122785.828,123944.6,116995.635,..,..,..
1576,55.005,960992.355,928326.719,911425.516,903622.14,901524.616,924014.327,900318.173,895532.738,824466.278,832100.972,855756.789,830909.197,835657.962,828521.98,809596.593,811881.134,787235.227,786659.508,..,..,..
1577,399.703,399.703,414.371,429.039,429.039,429.039,436.373,440.04,410.704,443.707,403.37,385.035,399.703,407.037,458.375,473.043,487.711,487.711,524.381,..,..,..
1578,58.672,58.672,58.672,62.339,69.673,80.674,73.34,80.674,77.007,80.674,102.676,113.677,102.676,113.677,110.01,113.677,110.01,150.347,128.345,..,..,..
1579,50421.25,61433.251,54528.29,57337.212,61194.896,55298.36,68704.912,57065.854,56068.43,50930.963,47252.962,49035.124,51899.051,55947.419,50476.255,46867.927,54418.28,49695.184,46024.517,..,..,..
1580,9570.87,10135.588,11206.352,11939.752,12676.819,16105.464,17546.595,18239.658,18683.365,18870.382,20117.162,20234.506,21499.621,21521.623,19999.818,19761.463,20813.892,21363.942,21616.965,..,..,..
1581,78895.505,81458.738,82261.811,82474.497,86350.516,94692.941,96566.778,88195.017,107080.067,92118.707,87930.993,84293.329,90853.592,92533.078,89493.135,107127.738,107303.754,112741.915,111304.451,..,..,..
1582,16835.197,16486.832,22302.694,24187.532,13637.573,22812.407,23890.505,18276.328,22229.354,21272.267,20942.237,23446.798,24689.911,26523.411,28657.605,29299.33,29842.046,30898.142,26824.105,..,..,..
1583,75943.57,78715.822,81264.387,93156.468,85312.755,95723.368,102030.608,108202.169,122243.112,125393.065,141326.18,125451.737,127193.562,158880.109,160581.597,174640.875,187504.711,199220.776,210320.785,..,..,..
1584,..,..,..,..,183.35,297.027,348.365,528.048,590.387,619.723,608.722,630.724,605.055,726.066,770.07,766.403,561.051,579.386,414.371,..,..,..
1585,227592.355,235080.369,245098.613,226954.297,244658.573,257229.049,254328.452,264460.373,274683.969,282384.669,294441.765,297833.74,314525.924,321097.188,339428.521,353462.13,350037.152,358236.564,329285.599,..,..,..
1586,..,..,23028.76,18628.36,18661.363,16754.523,18808.043,18613.692,17143.225,15474.74,15559.081,15984.453,15471.073,17553.929,17839.955,17462.254,16945.207,19952.147,18290.996,..,..,..
1587,3017.941,2984.938,2966.603,5163.136,3003.273,2152.529,3729.339,4275.722,5027.457,5075.128,5830.53,4308.725,4481.074,4946.783,5196.139,5489.499,5995.545,6560.263,7106.646,..,..,..
1588,50941.964,54891.323,49126.799,51935.721,59412.734,52328.09,61385.58,60083.795,56988.847,55423.038,52141.073,56424.129,61077.552,68888.262,66970.421,54605.297,66075.673,63923.144,56512.137,..,..,..
1589,817.741,674.728,733.4,773.737,828.742,887.414,920.417,759.069,729.733,832.409,861.745,1122.102,858.078,1657.484,1888.505,1635.482,1565.809,1459.466,1254.114,..,..,..
1590,399028.272,427667.542,397037.091,389105.37,369457.584,393289.417,408126.099,379486.829,409094.187,371309.419,365559.563,385808.737,380447.583,387147.192,389706.758,391826.284,382281.083,374283.356,376985.935,..,..,..
1591,623.39,594.054,660.06,597.721,520.714,634.391,652.726,656.393,663.727,671.061,656.393,660.06,667.394,674.728,674.728,682.062,689.396,696.73,707.731,..,..,..
1592,..,..,..,..,..,..,..,..,..,55.005,55.005,55.005,55.005,55.005,55.005,55.005,55.005,62.339,62.339,..,..,..
1593,4844.107,1477.801,2130.527,3281.965,3351.638,3857.684,3534.988,3545.989,1631.815,1437.464,1052.429,1782.162,1778.495,1334.788,1481.468,1785.829,1782.162,1976.513,2471.558,..,..,..
1594,570218.5,593808.311,587453.4,567523.255,563775.581,564523.649,580680.451,554215.712,554138.705,535550.682,543662.086,550552.379,531942.354,540636.811,545719.273,542473.978,543273.384,529621.143,522855.528,..,..,..
1595,..,..,15335.394,9952.238,6083.553,2302.876,4066.703,4437.07,4961.451,4345.395,4536.079,3769.676,3388.308,3773.343,3927.357,4734.097,5496.833,6028.548,5203.473,..,..,..
1596,3931.024,4044.701,4096.039,4664.424,5071.461,5427.16,5757.19,6395.248,6409.916,6560.263,6299.906,6919.629,7414.674,7601.691,7278.995,7007.637,9350.85,9636.876,8591.781,..,..,..
1597,95.342,106.343,91.675,333.697,399.703,348.365,194.351,121.011,311.695,322.696,333.697,344.698,344.698,355.699,366.7,377.701,392.369,407.037,421.705,..,..,..
1598,1056.096,1074.431,1074.431,1103.767,1228.445,1250.447,1272.449,1279.783,1243.113,1272.449,1279.783,1298.118,1323.787,1342.122,1342.122,1360.457,1360.457,1389.793,1393.46,..,..,..
1599,190.684,198.018,198.018,209.019,209.019,216.353,216.353,216.353,234.688,256.69,275.025,282.359,315.362,315.362,322.696,322.696,337.364,396.036,410.704,..,..,..
1600,253.023,256.69,260.357,278.692,278.692,282.359,286.026,308.028,216.353,245.689,198.018,198.018,209.019,249.356,256.69,264.024,275.025,286.026,282.359,..,..,..
1601,121.011,201.685,216.353,102.676,36.67,132.012,117.344,293.36,168.682,473.043,454.708,3094.948,4979.786,6017.547,4679.092,4712.095,4752.432,4796.436,4814.771,..,..,..
1602,72723.944,67615.813,75503.53,75646.543,78363.79,79185.198,80395.308,84572.021,87809.982,86636.542,91616.328,93805.527,93669.848,95738.036,97149.831,98675.303,97285.51,98213.261,97813.558,..,..,..
1603,121.011,121.011,128.345,143.013,165.015,172.349,176.016,205.352,190.684,205.352,205.352,220.02,216.353,227.354,216.353,234.688,245.689,245.689,245.689,..,..,..
1604,557.384,550.05,484.044,502.379,506.046,506.046,517.047,524.381,531.715,542.716,531.715,539.049,539.049,535.382,498.712,630.724,579.386,638.058,575.719,..,..,..
1605,5086.129,5053.126,6017.547,5658.181,6838.955,7165.318,6651.938,7598.024,8753.129,8929.145,9915.568,10626.966,11173.349,10670.97,11206.352,12156.105,12288.117,12926.175,11914.083,..,..,..
1606,..,..,..,..,..,..,..,..,..,..,..,..,..,..,..,..,..,..,..,..,..,..
1607,1140.437,1122.102,1052.429,1056.096,1334.788,1481.468,1529.139,1602.479,1653.817,1650.15,1580.477,1518.138,1547.474,1521.805,1463.133,1514.471,1525.472,1525.472,1525.472,..,..,..
1608,27660.181,28892.293,33428.372,35129.86,31429.857,31620.541,29365.336,30854.138,39233.233,42753.553,40582.689,37971.785,36952.359,40065.642,38415.492,40549.686,38554.838,39962.966,38573.173,..,..,..
1609,2592.569,2698.912,3076.613,2849.259,3336.97,3879.686,3960.36,4158.378,4649.756,4741.431,5031.124,5713.186,6090.887,6769.282,7367.003,7620.026,7308.331,9035.488,8672.455,..,..,..
1610,..,..,16442.828,16428.16,16875.534,17612.601,18518.35,19295.754,20417.856,20491.196,19644.119,20714.883,21877.322,23542.14,23047.095,23105.767,23175.44,24367.215,23303.785,..,..,..
1611,993.757,997.424,909.416,663.727,300.694,942.419,1092.766,1422.796,1232.112,1331.121,1367.791,1569.476,1826.166,1734.491,1987.514,2075.522,2119.526,2398.218,2434.888,..,..,..
1612,62991.726,63435.433,58716.004,60124.132,58066.945,60054.459,62702.033,61807.285,60853.865,60362.487,57256.538,57021.85,56031.76,59009.364,57311.543,57879.928,57227.202,55848.41,54638.3,..,..,..
1613,149565.929,179730.671,202576.081,218600.871,221413.46,224941.114,253290.691,278658.997,210210.775,237595.931,258120.13,289065.943,303506.589,311885.684,333733.67,336311.571,338134.07,368617.841,406028.575,..,..,..
1614,..,..,..,..,..,..,..,..,..,..,..,..,..,..,..,..,..,..,..,..,..,..
1615,690576.774,737851.738,783634.233,814297.687,864931.623,920046.633,1002224.103,1043939.895,1071911.771,1144390.026,1186663.202,1203843.097,1226791.183,1281913.527,1346595.74,1411127.606,1504364.748,1612383.567,1742697.746,..,..,..
1616,30417.765,33109.343,31253.841,31286.844,32691.305,32892.99,35008.849,36552.656,38140.467,40098.645,40949.389,43780.313,43457.617,42694.881,43211.928,43211.928,43112.919,44411.037,43604.297,..,..,..
1617,227185.318,233745.581,247471.162,229678.878,296744.641,284918.566,286645.723,290617.084,316176.074,316671.119,339241.504,357085.126,375211.107,412317.48,442471.221,458866.378,492349.755,506346.694,538403.608,..,..,..
1618,52555.444,47421.644,61671.606,66801.739,75045.155,77901.748,69500.651,68308.876,72371.912,72283.904,72445.252,85342.091,87259.932,91117.616,98979.664,97527.532,100853.501,100494.135,102936.357,..,..,..
1619,2071.855,2024.184,1892.172,1991.181,2009.516,1939.843,2211.201,2104.858,2101.191,2068.188,2163.53,2101.191,2170.864,2167.197,2233.203,2203.867,2233.203,2339.546,2229.536,..,..,..
1620,33534.715,34315.786,41499.439,45148.104,47120.95,54234.93,54399.945,63402.43,62779.04,62155.65,62691.032,65749.31,63145.74,65122.253,63200.745,59211.049,65778.646,36816.68,37663.757,..,..,..
1621,424183.892,433974.782,432959.023,422680.422,412163.466,437623.447,428294.599,432302.63,441752.489,437018.392,446156.556,447054.971,449284.507,468349.24,470490.768,471400.184,468268.566,459376.091,445118.795,..,..,..
1622,7964.724,8173.743,8096.736,8415.765,8632.118,9702.882,10197.927,10630.633,9728.551,9772.555,10318.938,10626.966,10300.603,10722.308,10714.974,10128.254,12086.432,13894.263,12203.776,..,..,..
1623,10403.279,9798.224,12266.115,12101.1,13633.906,13556.899,14187.623,14418.644,14543.322,14568.991,15507.743,16002.788,16886.535,17469.588,19240.749,21026.578,20733.218,21495.954,21382.277,..,..,..
1624,1094705.843,1100598.712,1123660.475,1108673.446,1174169.733,1184088.968,1205782.94,1201778.576,1159186.371,1197880.555,1219592.862,1202266.287,1216761.938,1237242.133,1259658.504,1238188.219,1231770.969,1251187.734,1208162.823,..,..,..
1625,..,..,261306.753,221105.432,199488.467,166731.156,140691.789,129580.779,125063.035,116493.256,127769.281,147908.445,151945.812,153815.982,172158.316,177233.444,192121.464,227401.671,236954.206,..,..,..
1626,5823.196,4840.44,5540.837,6347.577,6556.596,7554.02,9328.848,8265.418,10036.579,10172.258,10417.947,9369.185,7968.391,6754.614,7623.693,8562.445,9574.537,9831.227,10392.278,..,..,..
1627,..,..,10861.654,8305.755,6061.551,4473.74,5588.508,5482.165,5823.196,4561.748,4528.745,3780.677,4847.774,5276.813,5606.843,5185.138,5170.47,6461.254,6208.231,..,..,..
1628,451.041,462.042,476.71,476.71,539.049,1437.464,1628.148,1906.84,2233.203,2196.533,2255.205,2643.907,2860.26,3127.951,3498.318,3722.005,4074.037,4440.737,4602.085,..,..,..
1629,22.002,22.002,22.002,22.002,22.002,22.002,36.67,29.336,33.003,29.336,33.003,25.669,25.669,25.669,25.669,25.669,29.336,33.003,29.336,..,..,..
1630,66.006,73.34,73.34,84.341,88.008,95.342,102.676,102.676,102.676,102.676,102.676,183.35,198.018,220.02,227.354,234.688,234.688,249.356,249.356,..,..,..
1631,243815.163,268431.734,286568.716,317085.49,340352.605,370781.371,401030.454,423175.467,363839.74,395005.573,432460.311,440216.016,465584.322,465771.339,482276.506,462918.413,470820.798,498205.954,509170.284,..,..,..
1632,..,..,..,..,..,..,..,..,..,..,..,..,..,..,..,..,..,..,..,..,..,..
1633,45423.129,10579.295,17612.601,29376.337,34436.797,50329.575,47674.667,49361.487,51088.644,53314.513,59112.04,55144.346,52727.793,61653.271,69529.987,77216.019,71950.207,73002.636,76742.976,..,..,..
1634,234.688,253.023,278.692,278.692,300.694,315.362,535.382,718.732,894.748,902.082,1059.763,1199.109,1323.787,1356.79,1397.127,1426.463,1518.138,1536.473,1532.806,..,..,..
1635,9097.827,9497.53,11356.699,11657.393,12742.825,13619.238,13798.921,15647.089,16178.804,16600.509,15353.729,16208.14,16039.458,18221.323,16835.197,17539.261,15027.366,15504.076,17099.221,..,..,..
1636,484.044,286.026,289.693,322.696,319.029,333.697,344.698,355.699,388.702,407.037,436.373,502.379,502.379,531.715,627.057,740.734,759.069,678.395,608.722,..,..,..
1637,40318.665,42489.529,40571.688,42636.209,41862.472,45841.167,41840.47,48598.751,48133.042,47230.96,49753.856,51073.976,47623.329,49167.136,50318.574,52093.402,53780.222,54201.927,58330.969,..,..,..
1638,165.015,172.349,205.352,227.354,264.024,311.695,330.03,311.695,308.028,319.029,330.03,363.033,326.363,359.366,355.699,366.7,366.7,385.035,396.036,..,..,..
1639,..,..,..,..,..,..,..,..,..,..,..,..,..,..,..,..,..,..,..,..,..,..
1640,3773.343,4063.036,5056.793,4902.779,5408.825,5797.527,6952.632,7506.349,7763.039,8536.776,10161.257,10245.598,11008.334,10659.969,11965.421,11642.725,11741.734,12313.786,11763.736,..,..,..
1641,..,..,..,..,..,..,..,..,..,..,..,..,..,..,..,..,..,..,..,..,..,..
1642,..,..,22152.347,17495.257,17359.578,16204.473,15731.43,15339.061,16197.139,13692.578,12200.109,12918.841,13212.201,12915.174,13325.878,14000.606,14293.966,15137.376,15130.042,..,..,..
1643,9893.566,10630.633,11804.073,10821.317,10219.929,8349.759,8437.767,7917.053,7356.002,7686.032,8236.082,8580.78,9424.19,9919.235,11067.006,11327.363,11312.695,10843.319,10502.288,..,..,..
1644,..,..,14051.944,12068.097,11268.691,9636.876,9548.868,8437.767,7990.393,6743.613,6171.561,6853.623,6651.938,7088.311,7132.315,7176.319,7590.69,7928.054,7590.69,..,..,..
1645,1034.094,1092.766,1085.432,1188.108,1283.45,1243.113,1415.462,1499.803,1565.809,1532.806,1635.482,1686.82,1525.472,1536.473,1727.157,1837.167,1631.815,1558.475,1334.788,..,..,..
1646,..,..,..,..,..,..,..,..,..,..,..,..,..,..,..,..,..,..,..,..,..,..
1647,23542.14,24975.937,26039.367,28217.565,29640.361,30373.761,31195.169,31862.563,32038.579,33153.347,33905.082,37715.095,38254.144,37561.081,40590.023,42823.226,43992.999,46281.207,47905.688,..,..,..
1648,..,..,..,..,..,..,..,..,..,..,..,..,..,..,..,..,..,..,..,..,..,..
1649,..,..,20971.573,15628.754,12090.099,11191.684,11521.714,7099.312,6270.57,4503.076,3512.986,3714.671,3986.029,4290.39,4554.414,4895.445,4994.454,4686.426,4774.434,..,..,..
1650,986.423,1074.431,1045.095,1070.764,1316.453,1312.786,1411.795,1701.488,1738.158,1925.175,1873.837,1741.825,1235.779,1756.493,1936.176,1705.155,1697.821,1804.164,1910.507,..,..,..
1651,154.014,172.349,253.023,216.353,220.02,275.025,319.029,366.7,333.697,465.709,498.712,575.719,689.396,597.721,751.735,678.395,869.079,898.415,920.417,..,..,..
1652,325603.931,336586.596,342629.812,341441.704,362424.278,345178.377,354877.592,361595.536,372167.497,380814.283,383021.817,393604.779,390781.189,402068.215,405709.546,432665.663,441653.48,449860.226,475833.587,..,..,..
1653,47.671,51.338,55.005,62.339,66.006,66.006,66.006,66.006,69.673,66.006,77.007,80.674,84.341,84.341,88.008,84.341,91.675,99.009,99.009,..,..,..
1654,..,..,10777.313,10340.94,10469.285,10839.652,11741.734,10634.3,12625.481,11723.399,12064.43,11998.424,10934.994,11309.028,11191.684,11246.689,10909.325,11327.363,11815.074,..,..,..
1655,421.705,436.373,443.707,454.708,462.042,469.376,487.711,524.381,517.047,539.049,542.716,546.383,553.717,539.049,564.718,568.385,568.385,579.386,594.054,..,..,..
1656,2178.198,2200.2,2258.872,2669.576,2658.575,2695.245,2966.603,3241.628,2145.195,2346.88,2064.521,2486.226,2299.209,2581.568,2574.234,2698.912,2574.234,2724.581,2559.566,..,..,..
1657,4275.722,4180.38,4888.111,5342.819,6244.901,6959.966,7256.993,7499.015,8078.401,8830.136,8888.808,7348.668,8173.743,9611.207,11470.376,14543.322,13028.851,13047.186,12775.828,..,..,..
1658,..,..,..,..,..,..,..,..,..,..,..,..,..,..,..,2057.187,2471.558,1965.512,1950.844,..,..,..
1659,10043.913,12207.443,11078.007,9314.18,7961.057,7924.387,8041.731,7711.701,7708.034,7554.02,7506.349,7884.05,8287.42,8034.397,8551.444,8808.134,9442.525,10560.96,10894.657,..,..,..
1660,..,..,..,..,..,..,..,..,..,..,..,..,..,..,..,..,..,..,..,..,..,..
1661,1001.091,1026.76,1001.091,1078.098,1070.764,1111.101,1041.428,1125.769,1133.103,1188.108,1349.456,1580.477,1587.811,1917.841,1921.508,1822.499,1980.18,2574.234,2313.877,..,..,..
1662,2665.909,2750.25,2944.601,2962.936,3124.284,2984.938,2999.606,2999.606,1111.101,1199.109,1195.442,1283.45,1411.795,1452.132,1613.48,1657.484,1672.152,1950.844,1998.515,..,..,..
1663,1463.133,1521.805,1708.822,1774.828,1624.481,1829.833,1950.844,1998.515,2196.533,2467.891,2768.585,2966.603,2981.271,3146.286,3193.957,3410.31,3777.01,3887.02,3953.026,..,..,..
1664,612.389,660.06,656.393,693.063,718.732,729.733,711.398,759.069,828.742,997.424,905.749,905.749,883.747,957.087,975.422,916.75,953.42,953.42,1228.445,..,..,..
1665,56592.811,68591.235,75298.178,91722.671,94010.879,121132.011,125374.73,124821.013,114186.713,107934.478,126603.175,136716.761,135128.95,160266.235,168040.275,183445.342,179418.976,194919.385,208267.265,..,..,..
1666,..,..,..,..,..,..,..,..,..,..,..,..,..,..,..,..,..,..,..,..,..,..
1667,7.334,14.668,14.668,18.335,29.336,1741.825,1906.84,1903.173,1994.848,1771.161,1763.827,2086.523,2214.868,2361.548,2497.227,2658.575,2852.926,2992.272,3967.694,..,..,..
1668,1624.481,1789.496,1771.161,1771.161,1723.49,1730.824,1763.827,1826.166,1804.164,2035.185,2299.209,2119.526,2427.554,2750.25,2552.232,2801.588,2779.586,2852.926,3149.953,..,..,..
1669,832.409,821.408,784.738,880.08,872.746,920.417,1015.759,1012.092,1074.431,1059.763,795.739,759.069,814.074,880.08,880.08,825.075,817.741,872.746,850.744,..,..,..
1670,45375.458,45247.113,64883.898,60061.793,46658.908,34917.174,40421.341,40190.32,40182.986,44788.738,79181.531,83350.91,98125.253,93138.133,97047.155,104043.791,92225.05,88605.721,95756.371,..,..,..
1671,2643.907,2068.188,2489.893,2302.876,2555.899,2838.258,2926.266,3135.285,3421.311,3626.663,3667,3835.682,3813.68,4114.374,4136.376,3975.028,4239.052,4510.41,4330.727,..,..,..
1672,3.667,3.667,3.667,3.667,3.667,3.667,3.667,3.667,3.667,3.667,3.667,3.667,3.667,3.667,3.667,3.667,3.667,3.667,3.667,..,..,..
1673,164127.586,172704.699,168113.615,172150.982,172745.036,176309.36,186356.94,178278.539,175359.607,163027.486,165363.365,167273.872,172363.668,175040.578,176903.414,172227.989,166841.166,172495.68,173749.794,..,..,..
1674,31330.848,32023.911,29677.031,31316.18,29247.992,32999.333,33179.016,34132.436,34594.478,41022.729,38807.861,41092.402,37429.069,42625.208,42665.545,42364.851,44257.023,44924.417,49992.211,..,..,..
1675,634.391,960.754,1331.121,1466.8,1697.821,2035.185,2486.226,2783.253,2251.538,3219.626,3234.294,3454.314,2709.913,2951.935,2768.585,3234.294,3325.969,3421.311,3542.322,..,..,..
1676,132.012,132.012,135.679,135.679,135.679,139.346,139.346,139.346,139.346,135.679,135.679,139.346,139.346,143.013,143.013,143.013,143.013,143.013,143.013,..,..,..
1677,24022.517,24458.89,26171.379,25511.319,26439.07,26904.779,29702.7,31063.157,30058.399,31558.202,32698.639,34202.109,33641.058,33714.398,33545.716,33369.7,33553.05,32936.994,33094.675,..,..,..
1678,10351.941,10949.662,12097.433,13468.891,15269.388,15933.115,15225.384,15595.751,16666.515,20817.559,22057.005,20443.525,25544.322,32691.305,31561.869,34653.15,38917.871,40373.67,45749.492,..,..,..
1679,68565.566,68242.87,72789.95,78008.091,84839.712,84484.013,94447.252,94711.276,97663.211,100384.125,106449.343,108282.843,114084.037,118895.141,131619.631,136636.087,145854.925,160882.291,163177.833,..,..,..
1680,3135.285,3391.975,4015.365,4129.042,4781.768,3472.649,4880.777,5958.875,5947.874,5669.182,5790.193,7007.637,5834.197,6153.226,5797.527,6032.215,6824.287,6651.938,6912.295,..,..,..
1681,21169.591,20417.856,20388.52,23556.808,23230.445,23883.171,24363.548,27407.158,27806.861,29358.002,30296.754,27165.136,27187.138,26380.398,31895.566,37418.068,35346.213,43512.622,40535.018,..,..,..
1682,44532.048,45830.166,50322.241,51290.329,56270.115,63105.403,65642.967,77403.036,75650.21,73020.971,79111.858,77164.681,76057.247,76244.264,78998.181,81066.369,67630.481,78580.143,83156.559,..,..,..
1683,234.688,234.688,113.677,110.01,110.01,113.677,117.344,117.344,117.344,117.344,117.344,183.35,183.35,190.684,190.684,194.351,205.352,212.686,212.686,..,..,..
1684,2141.528,2064.521,2053.52,1994.848,2181.865,2038.852,2163.53,2555.899,2838.258,2464.224,2687.911,3230.627,3512.986,3967.694,4481.074,4613.086,4594.751,3113.283,2108.525,..,..,..
1685,366773.34,361591.869,357283.144,352519.711,336161.224,346813.859,358823.284,351049.244,326935.052,317133.161,301691.424,302806.192,296931.658,304856.045,305138.404,303766.946,319410.368,315204.319,316066.064,..,..,..
1686,..,..,..,..,..,..,..,..,..,..,..,..,..,..,..,..,..,..,..,..,..,..
1687,244834.589,251145.496,255413.884,262139.162,259641.935,259348.575,256682.666,234688,64927.902,71396.49,76966.663,79922.265,76530.29,78209.776,79925.932,83475.588,85034.063,70710.761,78371.124,..,..,..
1688,43725.308,48239.385,52372.094,47472.982,48767.433,52394.096,50886.959,53376.852,58055.944,64689.547,62966.057,62863.381,66820.074,61275.57,63175.076,65309.27,59108.373,60234.142,56310.452,..,..,..
1689,2262.539,2233.203,2621.905,2951.935,3498.318,3964.027,3751.341,4195.048,4503.076,4503.076,3689.002,3821.014,3898.021,4070.37,4088.705,3832.015,3986.029,4136.376,4118.041,..,..,..
1690,630.724,638.058,645.392,649.059,568.385,583.053,557.384,575.719,572.052,575.719,645.392,737.067,748.068,821.408,788.405,854.411,821.408,839.743,891.081,..,..,..
1691,11774.737,17674.94,26802.103,30722.126,30223.414,30824.802,31825.893,36288.632,32401.612,31407.855,34730.157,30098.736,30788.132,35947.601,44777.737,51895.384,57223.535,67934.842,68477.558,..,..,..
1692,158861.774,137530.835,125063.035,122133.102,116808.618,128524.683,127835.287,115987.21,103680.758,89639.815,89984.513,95672.03,92173.712,95939.721,95378.67,94960.632,102001.272,98422.28,94659.938,..,..,..
1693,..,..,2220720.532,2030029.198,1752998.349,1692364.504,1668958.043,1577033.687,1511269.709,1534250.798,1553451.21,1544404.721,1537195.399,1584998.411,1602963.044,1615683.867,1669603.435,1667575.584,1708653.318,..,..,..
1694,682.062,630.724,638.058,641.725,619.723,612.389,630.724,652.726,641.725,671.061,685.729,689.396,689.396,682.062,689.396,689.396,689.396,715.065,704.064,..,..,..
1695,215054.882,268475.738,286807.071,315567.352,310616.902,234856.682,258516.166,216826.043,207288.176,227229.322,297749.399,295842.559,323458.736,323671.422,346018.12,367033.697,383399.518,397121.432,433556.744,..,..,..
1696,5559.172,5386.823,4756.099,2907.931,4444.404,4602.085,4268.388,5419.826,4697.427,5093.463,5533.503,6369.579,8118.738,9072.158,10377.61,11994.757,11683.062,12676.819,14051.944,..,..,..
1697,3182.956,3424.978,3479.983,3593.66,3901.688,3494.651,3740.34,3263.63,3428.645,3700.003,3938.358,4330.727,4547.08,5012.789,5280.48,5859.866,4789.102,5372.155,4976.119,..,..,..
1698,46941.267,47425.311,50267.236,54627.299,65367.942,47109.949,55305.694,69240.294,57293.208,50263.569,47623.329,42764.554,42060.49,34653.15,40769.706,50281.904,47865.351,36013.607,32295.269,..,..,..
1699,161.348,161.348,161.348,157.681,154.014,161.348,161.348,161.348,161.348,165.015,165.015,172.349,172.349,179.683,179.683,179.683,179.683,198.018,198.018,..,..,..
1700,388.702,469.376,473.043,506.046,583.053,586.72,623.39,634.391,594.054,583.053,630.724,858.078,1191.775,1224.778,1067.097,1261.448,1239.446,1312.786,1334.788,..,..,..
1701,2618.238,3230.627,3428.645,3890.687,4429.736,5280.48,4895.445,5760.857,5812.195,5698.518,5742.522,5947.874,6039.549,6552.929,6277.904,6362.245,6486.923,6901.294,6112.889,..,..,..
1702,..,..,..,..,..,..,..,..,..,..,..,..,..,..,..,..,..,..,..,..,..,..
1703,18.335,3.667,11.001,11.001,11.001,11.001,..,..,..,..,517.047,502.379,572.052,575.719,575.719,579.386,575.719,630.724,649.059,..,..,..
1704,..,..,..,..,..,..,..,..,..,..,..,..,..,..,..,46567.233,48958.117,48811.437,49933.539,..,..,..
1705,66.006,69.673,73.34,73.34,73.34,77.007,77.007,77.007,80.674,88.008,88.008,91.675,106.343,110.01,113.677,128.345,128.345,128.345,128.345,..,..,..
1706,1811.498,2101.191,2112.192,2156.196,2163.53,2181.865,2130.527,2141.528,2163.53,2152.529,2126.86,2266.206,2251.538,2240.537,2284.541,2379.883,2438.555,2438.555,2438.555,..,..,..
1707,..,..,45646.816,40971.391,40351.668,43508.955,42793.89,41983.483,43230.263,39863.957,36530.654,39357.911,39251.568,39493.59,38749.189,39174.561,38928.872,36592.993,37557.414,..,..,..
1708,..,..,12970.179,13116.859,11257.69,14513.986,15185.047,16208.14,15522.411,15144.71,14601.994,15148.377,15401.4,15485.741,15716.762,15870.776,16230.142,16193.472,17157.893,..,..,..
1709,51708.367,55401.036,57131.86,53149.498,56435.13,53560.202,60549.504,54513.622,54953.662,51106.979,49794.193,51128.981,57425.22,54781.313,54506.288,51550.686,49559.505,48045.034,49049.792,..,..,..
1710,425.372,326.363,264.024,132.012,484.044,454.708,341.031,1202.776,1213.777,1239.446,1188.108,1144.104,1125.769,1041.428,1030.427,1019.426,1015.759,1063.43,1092.766,..,..,..
1711,..,..,..,..,..,..,..,..,..,..,..,..,..,..,..,..,..,..,..,..,..,..
1712,113.677,143.013,165.015,161.348,187.017,190.684,198.018,414.371,440.04,513.38,564.718,641.725,542.716,557.384,773.737,696.73,744.401,623.39,682.062,..,..,..
1713,37451.071,43193.593,44436.706,47117.283,48532.745,51558.02,51022.638,52295.087,62709.367,64913.234,63589.447,60908.87,55987.756,70091.038,67520.471,64396.187,68220.868,70897.778,71598.175,..,..,..
1714,..,..,..,..,..,11.001,11.001,11.001,14.668,14.668,14.668,14.668,99.009,102.676,102.676,121.011,143.013,157.681,157.681,..,..,..
1715,146.68,69.673,88.008,99.009,102.676,102.676,106.343,113.677,113.677,121.011,176.016,172.349,168.682,381.368,377.701,399.703,407.037,462.042,495.045,..,..,..
1716,773.737,843.41,836.076,865.412,832.409,953.42,1059.763,986.423,1166.106,1536.473,1356.79,1162.439,1232.112,1463.133,1397.127,1338.455,1221.111,1316.453,1419.129,..,..,..
1717,95833.378,116148.558,126830.529,142554.625,158278.721,181461.495,202711.76,210064.095,186503.62,196947.236,201549.321,217086.4,230635.965,245674.332,267760.673,275164.346,283987.148,282091.309,285732.64,..,..,..
1718,..,..,7220.323,5170.47,2354.214,2449.556,2827.257,2152.529,2497.227,2519.229,2236.87,2291.875,1881.171,2075.522,2233.203,2291.875,2420.22,3245.295,3146.286,..,..,..
1719,..,..,28067.218,27663.848,33476.043,34620.147,31363.851,29930.054,26046.701,35115.192,35646.907,39680.607,41074.067,43160.59,39640.27,41759.796,43871.988,45866.836,47839.682,..,..,..
1720,..,..,..,..,..,..,..,..,..,..,..,..,161.348,161.348,176.016,176.016,179.683,183.35,190.684,..,..,..
1721,77.007,91.675,88.008,102.676,106.343,110.01,110.01,113.677,110.01,128.345,121.011,139.346,143.013,176.016,172.349,172.349,172.349,176.016,176.016,..,..,..
1722,16959.875,21048.58,20986.241,16820.529,19853.138,20967.906,21781.98,19229.748,19317.756,22816.074,24513.895,25023.608,26890.111,27696.851,31554.535,30949.48,34480.801,37036.7,49772.191,..,..,..
1723,13267.206,15489.408,15023.699,16501.5,15940.449,15735.097,16758.19,16945.207,18001.303,18331.333,19922.811,20817.559,21015.577,21396.945,22445.707,22801.406,23127.769,23868.503,25012.607,..,..,..
1724,150790.707,151799.132,154494.377,164259.598,161659.695,176705.396,192499.165,202887.776,205421.673,196767.553,216147.648,194538.017,205678.363,218509.196,225406.823,237368.577,261570.777,284658.209,283979.814,..,..,..
1725,..,..,..,..,..,..,..,..,..,..,..,..,..,..,..,..,..,..,..,..,..,..
1726,2372.549,2434.888,2361.548,2636.573,2445.889,3553.323,3461.648,2882.262,2555.899,2537.564,2651.241,3127.951,3589.993,3806.346,4352.729,5086.129,5379.489,6039.549,6464.921,..,..,..
1727,817.741,850.744,861.745,821.408,744.401,957.087,1052.429,1133.103,1338.455,1393.46,1532.806,1631.815,1705.155,1719.823,1833.5,2339.546,2706.246,3204.958,3747.674,..,..,..
1728,..,..,641680.996,546111.642,447010.967,445943.87,412335.815,341196.015,328636.54,332549.229,320774.492,321650.905,318684.302,352259.354,343121.19,339028.818,327796.797,328856.56,323532.076,..,..,..
1729,3993.363,4554.414,5170.47,4466.406,4066.703,4591.084,5441.828,5555.505,5687.517,6725.278,5306.149,5089.796,4620.42,4598.418,5610.51,5775.525,6648.271,5999.212,8327.757,..,..,..
1730,4879376.206,4870238.042,4876006.233,5167485.062,5227176.488,5237968.469,5343512.063,5501365.412,5449077.659,5528149.18,5512399.415,5389928.949,5437816.302,5471754.387,5563799.754,5595357.956,5514775.631,5581537.033,5461013.744,..,..,..
1731,..,..,114014.364,118532.108,110981.755,100912.173,103189.38,101781.252,117571.354,117421.007,119951.237,122037.76,126914.87,122683.152,119272.842,109599.296,115345.485,115840.53,124905.354,..,..,..
1732,80.674,77.007,84.341,102.676,121.011,132.012,135.679,135.679,165.015,168.682,157.681,179.683,187.017,194.351,194.351,198.018,201.685,201.685,201.685,..,..,..
1733,122162.438,115440.827,105873.624,124355.304,129947.479,133236.778,122752.825,133962.844,167321.543,172616.691,152415.188,172525.016,193261.901,192103.129,168278.63,159584.173,153595.962,163555.534,169532.744,..,..,..
1734,..,..,..,..,..,..,..,..,..,..,..,..,..,..,..,..,..,..,..,..,..,..
1735,21407.946,21451.95,22387.035,22970.088,26303.391,29247.992,34378.125,45283.783,47781.01,48026.699,53582.204,61631.269,71348.819,79438.221,101678.576,104084.128,83735.945,112290.874,127384.246,..,..,..
1736,69.673,66.006,66.006,66.006,66.006,66.006,84.341,88.008,84.341,84.341,80.674,84.341,84.341,88.008,88.008,55.005,47.671,80.674,91.675,..,..,..
1737,..,..,..,..,..,..,..,414.371,608.722,660.06,799.406,1353.123,1166.106,1279.783,1866.503,2742.916,2266.206,2324.878,2053.52,..,..,..
1738,124.678,124.678,128.345,128.345,121.011,132.012,132.012,132.012,132.012,139.346,139.346,143.013,143.013,150.347,154.014,157.681,157.681,161.348,161.348,..,..,..
1739,-2999.606,10109.919,14381.974,9431.524,11367.7,11250.356,14935.691,15474.74,12200.109,13894.263,14638.664,16252.144,15764.433,17304.573,18881.383,20043.822,20791.89,21976.331,23384.459,..,..,..
1740,333513.65,346337.149,324852.196,342549.138,358929.627,353458.463,358639.934,371327.754,372218.835,371034.394,368610.507,362743.307,347686.605,380810.616,414165.648,408199.439,405709.546,433358.726,435877.955,..,..,..
1741,4070.37,3755.008,3619.329,3410.31,2478.892,2966.603,3248.962,2926.266,2533.897,2247.871,1646.483,1565.809,1543.807,1697.821,2280.874,2368.882,2460.557,2552.232,2816.256,..,..,..
1742,2445.889,2416.553,2456.89,2500.894,2420.22,2170.864,1870.17,2390.884,2313.877,1807.831,1818.832,1906.84,1969.179,2101.191,2108.525,2258.872,2284.541,1719.823,1888.505,..,..,..
1743,15504.076,15823.105,16901.203,16208.14,17645.604,15130.042,14994.363,14407.643,14253.629,15834.106,13886.929,12563.142,11932.418,10626.966,9926.569,10773.646,10344.607,9618.541,9075.825,..,..,..
